{
  "total_questions": 18,
  "metrics": {
    "recall@1": [
      1.0,
      1.0,
      0.2,
      1.0,
      1.0,
      0.0,
      1.0,
      1.0,
      0.0,
      1.0,
      0.0,
      1.0,
      1.0,
      0.0,
      1.0,
      1.0,
      1.0,
      1.0
    ],
    "precision@1": [
      1.0,
      1.0,
      1.0,
      1.0,
      1.0,
      0.0,
      1.0,
      1.0,
      0.0,
      1.0,
      0.0,
      1.0,
      1.0,
      0.0,
      1.0,
      1.0,
      1.0,
      1.0
    ],
    "ndcg@1": [
      1.0,
      1.0,
      1.0,
      1.0,
      1.0,
      0.0,
      1.0,
      1.0,
      0.0,
      1.0,
      0.0,
      1.0,
      1.0,
      0.0,
      1.0,
      1.0,
      1.0,
      1.0
    ],
    "recall@3": [
      1.0,
      1.0,
      0.4,
      1.0,
      1.0,
      0.0,
      1.0,
      1.0,
      0.0,
      1.0,
      1.0,
      1.0,
      1.0,
      0.0,
      1.0,
      1.0,
      1.0,
      1.0
    ],
    "precision@3": [
      0.3333333333333333,
      0.3333333333333333,
      0.6666666666666666,
      0.3333333333333333,
      0.3333333333333333,
      0.0,
      0.3333333333333333,
      0.3333333333333333,
      0.0,
      0.3333333333333333,
      0.3333333333333333,
      0.3333333333333333,
      0.3333333333333333,
      0.0,
      0.3333333333333333,
      0.3333333333333333,
      0.3333333333333333,
      0.3333333333333333
    ],
    "ndcg@3": [
      1.0,
      1.0,
      0.7653606369886217,
      1.0,
      1.0,
      0.0,
      1.0,
      1.0,
      0.0,
      1.0,
      0.6309297535714575,
      1.0,
      1.0,
      0.0,
      1.0,
      1.0,
      1.0,
      1.0
    ],
    "recall@5": [
      1.0,
      1.0,
      0.4,
      1.0,
      1.0,
      0.0,
      1.0,
      1.0,
      0.0,
      1.0,
      1.0,
      1.0,
      1.0,
      0.0,
      1.0,
      1.0,
      1.0,
      1.0
    ],
    "precision@5": [
      0.2,
      0.2,
      0.4,
      0.2,
      0.2,
      0.0,
      0.2,
      0.2,
      0.0,
      0.2,
      0.2,
      0.2,
      0.2,
      0.0,
      0.2,
      0.2,
      0.2,
      0.2
    ],
    "ndcg@5": [
      1.0,
      1.0,
      0.5531464700081437,
      1.0,
      1.0,
      0.0,
      1.0,
      1.0,
      0.0,
      1.0,
      0.6309297535714575,
      1.0,
      1.0,
      0.0,
      1.0,
      1.0,
      1.0,
      1.0
    ],
    "recall@10": [
      1.0,
      1.0,
      0.4,
      1.0,
      1.0,
      0.0,
      1.0,
      1.0,
      0.0,
      1.0,
      1.0,
      1.0,
      1.0,
      0.0,
      1.0,
      1.0,
      1.0,
      1.0
    ],
    "precision@10": [
      0.1,
      0.1,
      0.2,
      0.1,
      0.1,
      0.0,
      0.1,
      0.1,
      0.0,
      0.1,
      0.1,
      0.1,
      0.1,
      0.0,
      0.1,
      0.1,
      0.1,
      0.1
    ],
    "ndcg@10": [
      1.0,
      1.0,
      0.5531464700081437,
      1.0,
      1.0,
      0.0,
      1.0,
      1.0,
      0.0,
      1.0,
      0.6309297535714575,
      1.0,
      1.0,
      0.0,
      1.0,
      1.0,
      1.0,
      1.0
    ],
    "recall@15": [
      1.0,
      1.0,
      0.4,
      1.0,
      1.0,
      0.0,
      1.0,
      1.0,
      0.0,
      1.0,
      1.0,
      1.0,
      1.0,
      0.0,
      1.0,
      1.0,
      1.0,
      1.0
    ],
    "precision@15": [
      0.06666666666666667,
      0.06666666666666667,
      0.13333333333333333,
      0.06666666666666667,
      0.06666666666666667,
      0.0,
      0.06666666666666667,
      0.06666666666666667,
      0.0,
      0.06666666666666667,
      0.06666666666666667,
      0.06666666666666667,
      0.06666666666666667,
      0.0,
      0.06666666666666667,
      0.06666666666666667,
      0.06666666666666667,
      0.06666666666666667
    ],
    "ndcg@15": [
      1.0,
      1.0,
      0.5531464700081437,
      1.0,
      1.0,
      0.0,
      1.0,
      1.0,
      0.0,
      1.0,
      0.6309297535714575,
      1.0,
      1.0,
      0.0,
      1.0,
      1.0,
      1.0,
      1.0
    ],
    "recall@20": [
      1.0,
      1.0,
      0.4,
      1.0,
      1.0,
      0.0,
      1.0,
      1.0,
      0.0,
      1.0,
      1.0,
      1.0,
      1.0,
      0.0,
      1.0,
      1.0,
      1.0,
      1.0
    ],
    "precision@20": [
      0.05,
      0.05,
      0.1,
      0.05,
      0.05,
      0.0,
      0.05,
      0.05,
      0.0,
      0.05,
      0.05,
      0.05,
      0.05,
      0.0,
      0.05,
      0.05,
      0.05,
      0.05
    ],
    "ndcg@20": [
      1.0,
      1.0,
      0.5531464700081437,
      1.0,
      1.0,
      0.0,
      1.0,
      1.0,
      0.0,
      1.0,
      0.6309297535714575,
      1.0,
      1.0,
      0.0,
      1.0,
      1.0,
      1.0,
      1.0
    ],
    "mrr": [
      1.0,
      1.0,
      1.0,
      1.0,
      1.0,
      0.0,
      1.0,
      1.0,
      0.0,
      1.0,
      0.5,
      1.0,
      1.0,
      0.0,
      1.0,
      1.0,
      1.0,
      1.0
    ],
    "recall@1_mean": 0.7333333333333333,
    "recall@1_std": 0.43204937989385733,
    "precision@1_mean": 0.7777777777777778,
    "precision@1_std": 0.4157397096415491,
    "ndcg@1_mean": 0.7777777777777778,
    "ndcg@1_std": 0.4157397096415491,
    "recall@3_mean": 0.8,
    "recall@3_std": 0.38297084310253526,
    "precision@3_mean": 0.2962962962962962,
    "precision@3_std": 0.15270761576361705,
    "ndcg@3_mean": 0.799793910586671,
    "ndcg@3_std": 0.3704189721852517,
    "recall@5_mean": 0.8,
    "recall@5_std": 0.38297084310253526,
    "precision@5_mean": 0.1777777777777778,
    "precision@5_std": 0.09162456945817024,
    "ndcg@5_mean": 0.7880042346433112,
    "ndcg@5_std": 0.37467995546866234,
    "recall@10_mean": 0.8,
    "recall@10_std": 0.38297084310253526,
    "precision@10_mean": 0.0888888888888889,
    "precision@10_std": 0.04581228472908512,
    "ndcg@10_mean": 0.7880042346433112,
    "ndcg@10_std": 0.37467995546866234,
    "recall@15_mean": 0.8,
    "recall@15_std": 0.38297084310253526,
    "precision@15_mean": 0.05925925925925926,
    "precision@15_std": 0.030541523152723408,
    "ndcg@15_mean": 0.7880042346433112,
    "ndcg@15_std": 0.37467995546866234,
    "recall@20_mean": 0.8,
    "recall@20_std": 0.38297084310253526,
    "precision@20_mean": 0.04444444444444445,
    "precision@20_std": 0.02290614236454256,
    "ndcg@20_mean": 0.7880042346433112,
    "ndcg@20_std": 0.37467995546866234,
    "mrr_mean": 0.8055555555555556,
    "mrr_std": 0.37781862524265114,
    "hit_rate": {
      "1": 0.7777777777777778,
      "3": 0.8333333333333334,
      "5": 0.8333333333333334,
      "10": 0.8333333333333334,
      "15": 0.8333333333333334,
      "20": 0.8333333333333334
    },
    "primary_hit_rate": 0.4444444444444444,
    "coverage_rate": 0.7272727272727273
  },
  "per_question": [
    {
      "question": "xe máy vượt đèn đỏ bị phạt bao nhiêu",
      "expected": [
        "ND168_art7_k7_c"
      ],
      "retrieved": [
        "ND168_art7_k7_c"
      ],
      "status": "success",
      "recall@1": 1.0,
      "recall@3": 1.0,
      "recall@5": 1.0,
      "recall@15": 1.0,
      "precision@15": 0.06666666666666667,
      "mrr": 1.0,
      "primary_chunk": "Điều 7 khoản 7 điểm c",
      "primary_hit": true,
      "hit@1": true,
      "hit@3": true,
      "hit@5": true,
      "hit@10": true,
      "hit@15": true,
      "hit@20": true
    },
    {
      "question": "ô tô vượt đèn đỏ thì bị xử phạt thế nào",
      "expected": [
        "ND168_art6_k9_b"
      ],
      "retrieved": [
        "ND168_art6_k9_b"
      ],
      "status": "success",
      "recall@1": 1.0,
      "recall@3": 1.0,
      "recall@5": 1.0,
      "recall@15": 1.0,
      "precision@15": 0.06666666666666667,
      "mrr": 1.0,
      "primary_chunk": "Điều 6 khoản 9 điểm b",
      "primary_hit": true,
      "hit@1": true,
      "hit@3": true,
      "hit@5": true,
      "hit@10": true,
      "hit@15": true,
      "hit@20": true
    },
    {
      "question": "xe máy đua xe bị phạt gì",